{"cameraMode":{"drawMode":0,"name":"Shaded","section":"Shading Mode"},"sceneLighting":false,"audioPlay":false,"sceneViewState":{"m_AlwaysRefresh":false,"showFog":true,"showSkybox":false,"showFlares":true,"showImageEffects":true,"showParticleSystems":true,"showVisualEffectGraphs":true,"m_FxEnabled":true},"in2DMode":false,"pivot":{"x":5.304962158203125,"y":18.534744262695314,"z":-12.936806678771973},"rotation":{"x":0.6656576991081238,"y":-0.005596754141151905,"z":0.004992532543838024,"w":0.746221661567688},"size":18.594173431396486,"orthographic":false}