{"cameraMode":{"drawMode":0,"name":"Shaded","section":"Shading Mode"},"sceneLighting":true,"audioPlay":false,"sceneViewState":{"m_AlwaysRefresh":false,"showFog":true,"showSkybox":true,"showFlares":true,"showImageEffects":true,"showParticleSystems":true,"showVisualEffectGraphs":true,"m_FxEnabled":true},"in2DMode":false,"pivot":{"x":15.434181213378907,"y":-3.9196243286132814,"z":12.949716567993164},"rotation":{"x":0.05853435769677162,"y":0.8487147688865662,"z":-0.5167364478111267,"w":0.09614003449678421},"size":15.213035583496094,"orthographic":false}